code_prod_arg,HS_code,HS_description,code_1719,code_0709,code_9799,vcr_1719,vcr_0709,vcr_9799,sum_vcr
101,101,"Live horses, asses, mules and hinnies.",101.0,101.0,101.0,1,1,1,3
201,201,"Meat of bovine animals, fresh or chilled.",201.0,201.0,201.0,1,1,1,3
202,202,"Meat of bovine animals, frozen.",202.0,202.0,202.0,1,1,1,3
205,205,"Meat of horses, asses, mules or hinnies, fresh, chilled or frozen.",205.0,205.0,205.0,1,1,1,3
206,206,"Edible offal of bovine animals, swine, sheep, goats, horses, asses, mules or hinnies, fresh, chilled or frozen.",206.0,206.0,206.0,1,1,1,3
207,207,"Meat and edible offal, of the poultry of heading No. 01.05, fresh, chilled or frozen.",207.0,207.0,,1,1,0,2
208,208,"Other meat and edible meat offal, fresh, chilled or frozen.",208.0,208.0,208.0,1,1,1,3
303,303,"Fish, frozen, excluding fish fillets and other fish meat of heading No. 03.04.",303.0,303.0,303.0,1,1,1,3
304,304,"Fish fillets and other fish meat (whether or not minced), fresh, chilled or frozen.",304.0,304.0,304.0,1,1,1,3
305,305,"Fish, dried, salted or in brine; smoked fish, whether or not cooked before or during the smoking process; flours, meals and pellets of fish, fit for human consumption.",,305.0,305.0,0,1,1,2
306,306,"Crustaceans, whether in shell or not, live, fresh chilled, frozen, dried, salted or in brine; crustaceans, in shell, cooked by steaming or by boiling in water, whether or not chilled, frozen, dried, salted or in brine; flours, meals and",306.0,306.0,306.0,1,1,1,3
307,307,"Molluscs, whether in shell or not, live, fresh, chilled, frozen, dried, salted or in brine; aquatic invertebrates other than crustaceans and molluscs, live, fresh, chilled, frozen, dried, salted or in brine; flours, meals and pellets of",307.0,307.0,307.0,1,1,1,3
402,402,"Milk and cream, concentrated or containing added sugar or other sweetening matter.",402.0,402.0,402.0,1,1,1,3
404,404,"Whey, whether or not concentrated or containing added sugar or other sweetening matter; products consisting of natural milk constituents, whether or not containing added sugar or other sweetening matter, not elsewhere s",404.0,404.0,,1,1,0,2
405,405,Butter and other fats and oils derived from milk; dairy spreads.,405.0,405.0,,1,1,0,2
406,406,Cheese and curd.,406.0,406.0,406.0,1,1,1,3
408,408,"Birds' eggs, not in shell, and egg yolks, fresh, dried, cooked by steaming or by boiling in water, moulded, frozen or otherwise preserved, whether or not containing added sugar or other sweetening matter.",408.0,408.0,408.0,1,1,1,3
409,409,Natural honey.,409.0,409.0,409.0,1,1,1,3
503,503,"Horsehair and horsehair waste, whether or not put up as a layer with or without supporting material.",,,503.0,0,0,1,1
504,504,"Guts, bladders and stomachs of animals (other than fish), whole and pieces thereof, fresh, chilled, frozen, salted, in brine, dried or smoked.",504.0,504.0,,1,1,0,2
505,505,"Shins and other parts of birds, with their feathers or down, feathers and parts of feathers (whether or not with trimmed edges) and down, not further worked than cleaned, disingected or treated for preservation; powder and waste of feat",505.0,505.0,,1,1,0,2
506,506,"Bones and horn-cores, unworked, defatted,simply prepared (but not cut to shape), treated with acid or degelatinised; powder and waste of these products.",506.0,506.0,506.0,1,1,1,3
510,510,"Ambergris, castoreum, civet and musk; cantharides; bile, whether or not dried; glands and other animal products used in the preparation of pharmaceutical products, fresh, chilled, frozen or otherwise provisionally prese",510.0,510.0,510.0,1,1,1,3
511,511,"Animal products not elsewhere specified or included; dead animals of Chapter 1 or 3, unfit for human consumption.",511.0,511.0,511.0,1,1,1,3
703,703,"Onions, shallots, garlic, leeks and other alliaceous vegetables, fresh or chilled.",703.0,703.0,703.0,1,1,1,3
711,711,"Vegetables provisionally preserved (for example, by sulphur dioxide gas, in brine, in sulphur water or in other preservative solutions), but unsuitable in that state for immediate consumption.",711.0,711.0,711.0,1,1,1,3
712,712,"Dried vegetables, whole, cut, sliced, broken or in powder, but not further prepared.",,,712.0,0,0,1,1
713,713,"Dried leguminous vegetables, shelled, whether or not skinned or split.",713.0,713.0,713.0,1,1,1,3
805,805,"Citrus fruit, fresh or dried.",805.0,805.0,805.0,1,1,1,3
806,806,"Grapes, fresh or dried.",806.0,806.0,806.0,1,1,1,3
808,808,"Apples, pears and quinces, fresh.",808.0,808.0,808.0,1,1,1,3
809,809,"Apricots, cherries, peaches (including nectarines), plums and sloes, fresh.",809.0,809.0,809.0,1,1,1,3
810,810,"Other fruit, fresh.",810.0,810.0,,1,1,0,2
811,811,"Fruit and nuts, uncooked or cooked by steaming or boiling in water, frozen, whether or not containing added sugar or other sweetening matter.",,811.0,,0,1,0,1
813,813,"Fruit, dried, other than that of headings Nos. 08.01 to 08.06; mixtures of nuts or dried fruits of this Chapter.",813.0,813.0,813.0,1,1,1,3
814,814,"Peel of citrus fruit or melons (including watermelons), fresh, frozen, dried or provisionally preserved in brine, in sulphur water or in other preservative solutions.",,814.0,,0,1,0,1
902,902,"Tea, whether or not flavoured.",902.0,902.0,902.0,1,1,1,3
903,903,Mate,903.0,903.0,903.0,1,1,1,3
909,909,"Seeds of anise, badian, fennel, coriander, cumin or caraway; juniper berries.",909.0,,,1,0,0,1
1001,1001,Wheat and meslin.,1001.0,1001.0,1001.0,1,1,1,3
1003,1003,Barley.,1003.0,1003.0,1003.0,1,1,1,3
1005,1005,Maize (corn).,1005.0,1005.0,1005.0,1,1,1,3
1006,1006,Rice.,1006.0,1006.0,1006.0,1,1,1,3
1007,1007,Grain sorghum.,1007.0,1007.0,1007.0,1,1,1,3
1008,1008,"Buckwheat, millet and canary seed; other cereals.",1008.0,1008.0,1008.0,1,1,1,3
1101,1101,Wheat or meslin flour.,1101.0,1101.0,1101.0,1,1,1,3
1102,1102,Cereal flours other than of wheat or meslin.,,1102.0,1102.0,0,1,1,2
1103,1103,"Cereal groats, meal and pellets.",1103.0,1103.0,1103.0,1,1,1,3
1104,1104,"Cereal grains otherwise worked (for example, hulled, rolled, flaked, pearled, sliced or kibbled), except rice of heading No. 10.06; germ of cereals, whole, rolled, flaked or ground.",1104.0,1104.0,1104.0,1,1,1,3
1105,1105,"Flour, meal, powder, flakes, granules and pellets of potatoes.",,1105.0,,0,1,0,1
1107,1107,"Malt, whether or not roasted.",1107.0,1107.0,1107.0,1,1,1,3
1108,1108,Starches; inulin.,1108.0,1108.0,,1,1,0,2
1201,1201,"Soya beans, whether or not broken.",1201.0,1201.0,1201.0,1,1,1,3
1202,1202,"Ground-nuts, not roasted or otherwise cooked, whether or not shelled or broken.",1202.0,1202.0,1202.0,1,1,1,3
1204,1204,"Linseed, whether or not broken.",1204.0,1204.0,,1,1,0,2
1206,1206,"Sunflower seeds, whether or not broken.",1206.0,1206.0,1206.0,1,1,1,3
1207,1207,"Other oil seeds and oleaginous fruits, whether or not broken.",1207.0,1207.0,1207.0,1,1,1,3
1208,1208,"Flours and meals of oil seeds or oleaginous fruits, other than those of mustard.",1208.0,,,1,0,0,1
1209,1209,"Seeds, fruit and spores, of a kind used for sowing.",1209.0,,,1,0,0,1
1211,1211,"Plants and parts of plants (including seeds and fruits), of a kind used primarily in perfumery, in pharmacy or for insecticidal, fungicidal or similar purposes, fresh or dried, whether or not cut, crushed or powdered.",,,1211.0,0,0,1,1
1214,1214,"Swedes, mangolds, fodder roots, hay, lucerne (alfalfa), clover, sainfoin, forage kale, lupines, vetches and similar forage products, whether or not in the form of pellets.",1214.0,,,1,0,0,1
1301,1301,"Lac; natural gums, resins, gum-resins and oleoresins (for example, balsams).",1301.0,,,1,0,0,1
1401,1401,"Vegetable materials of a kind used primarily for plaiting (for example, bamboos, rattans, reeds, rushes, osier, raffia, cleaned, bleached or dyed cereal straw, and lime bark).",1401.0,1401.0,1401.0,1,1,1,3
1501,1501,"Pig fat (including lard) and poultry fat, other than that of heading No. 02.09 or 15.03.",,,1501.0,0,0,1,1
1502,1502,"Fats of bovine animals, sheep or goats, other than those of heading No. 15.03.",1502.0,1502.0,1502.0,1,1,1,3
1503,1503,"Lard stearin, lard oil, oleostearin, oleo-oil and tallow oil, not emulsified or mixed or otherwise prepared.",1503.0,1503.0,1503.0,1,1,1,3
1505,1505,Wool grease and fatty substances derived therefrom (including lanolin).,1505.0,1505.0,,1,1,0,2
1507,1507,"Soya-bean oil and its fractions, whether or not refined, but not chemically modified.",1507.0,1507.0,1507.0,1,1,1,3
1508,1508,"Ground-nut oil and its fractions, whether or not refined, but not chemically modified.",1508.0,1508.0,1508.0,1,1,1,3
1509,1509,"Olive oil and its fractions, whether or not refined, but not chemically modified.",1509.0,1509.0,1509.0,1,1,1,3
1512,1512,"Sunflower-seed, safflower or cotton-seed oil and fractions thereof, whether or not refined, but not chemically modified.",1512.0,1512.0,1512.0,1,1,1,3
1515,1515,"Other fixed vegetable fats and oils (including jojoba oil) and their fractions, whether or not refined, but not chemically modified.",1515.0,1515.0,1515.0,1,1,1,3
1517,1517,"Margarine; edible mixtures or preparations of animal or vegetable fats or oils or of fractions of different fats or oils of this Chapter, other than edible fats or oils or their fractions of heading No. 15.16.",1517.0,1517.0,1517.0,1,1,1,3
1518,1518,"Animal or vegetable fats and oils and their fractions, boiled, oxidised, dehydrated, sulphurised, blown, polymerised by beat in vacuum or in inert gas or otherwise chemically modified, excluding those of heading No.15.16; inedible mixtu",1518.0,1518.0,,1,1,0,2
1520,1520,"Glycerol, crude; glycerol waters and glycerol lyes.",1520.0,1520.0,,1,1,0,2
1521,1521,"Vegetable waxes (other than triglycerides), beeswax, other insect waxes and spermaceti, whether or not refined or coloured.",1521.0,1521.0,1521.0,1,1,1,3
1522,1522,Degras; residues resulting from the treatment of fatty substances or animal or vegetable waxes.,,,1522.0,0,0,1,1
1602,1602,"Other prepared or preserved meat, meat offal or blood.",1602.0,1602.0,1602.0,1,1,1,3
1603,1603,"Extracts and juices of meat, fish or crustaceans, molluscs or other aquatic invertebrates.",,1603.0,1603.0,0,1,1,2
1604,1604,Prepared or preserved fish; caviar and caviar substitutes prepared from fish eggs.,,,1604.0,0,0,1,1
1701,1701,"Cane or beet sugar and chemically pure sucrose, in solid form.",1701.0,1701.0,1701.0,1,1,1,3
1702,1702,"Other sugars, including chemically pure lactose, maltose, glucose and fructose, in solid form; sugar syrups not containing added flavouring or colouring matter; artificial honey, whether or not mixed with natural honey;",,1702.0,1702.0,0,1,1,2
1704,1704,"Sugar confectionery (including white chocolate), not containing cocoa.",,1704.0,1704.0,0,1,1,2
1806,1806,Chocolate and other food preparations containing cocoa.,,1806.0,1806.0,0,1,1,2
1901,1901,"Malt extract; food preparations of flour, meal, starch or malt extract, not containing cocoa or containing less then 40% by weight of cocoa calculated on a totally deffated basis, not elsewhere specified or including; food preparations",1901.0,1901.0,,1,1,0,2
1902,1902,"Pasta, whether or not cooked or stuffed (with meat or other substances) or otherwise prepared, such as spaghetti, macaroni, noodles, lasagne, gnocchi, ravioli, cannelloni; couscous, whether or not prepared.",,,1902.0,0,0,1,1
1905,1905,"Bread, pastry, cakes, biscuits and other bakers' wares, whether or not containing cocoa; communion wafers, empty cachets of a kind suitable for pharmaceutical use, sealing wafers, rice paper and similar products.",,,1905.0,0,0,1,1
2004,2004,"Other vegetables prepared or preserved otherwise than by vinegar or acetic acid, frozen, other than products of heading No. 20.06.",2004.0,2004.0,2004.0,1,1,1,3
2005,2005,"Other vegetables prepared or preserved otherwise than by vinegar or acetic acid, not frozen, other than products of heading No. 20.06.",2005.0,2005.0,2005.0,1,1,1,3
2007,2007,"Jams, fruit jellies, marmalades, fruit or nut purÂ‚e and fruit or nut pastes, being cooked preparations, whether or not containing added sugar or other sweetening matter.",2007.0,2007.0,2007.0,1,1,1,3
2008,2008,"Fruit, nuts and other edible parts of plants, otherwise prepared or preserved, whether or not containing added sugar or other sweetening matter or spirit, not elsewhere specified or included.",2008.0,2008.0,2008.0,1,1,1,3
2009,2009,"Fruit juices (including grape must) and vegetable juices, unfermented and not containing added spirit, whether or not containing added sugar or other sweetening matter.",2009.0,2009.0,2009.0,1,1,1,3
2102,2102,"Yeasts (active or inactive); other single-cell micro-organisms, dead (but not including vaccines of heading No 30.02); prepared baking powders.",2102.0,2102.0,,1,1,0,2
2103,2103,Sauces and preparations therefor; mixed condiments and mixed seasonings; mustard flour and meal and prepared mustard.,,,2103.0,0,0,1,1
2104,2104,Soups and broths and preparations therefor; homogenised composite food preparations.,,,2104.0,0,0,1,1
2106,2106,Food preparations not elsewhere specified or included.,,,2106.0,0,0,1,1
2202,2202,"Waters, including mineral waters and aerated waters, containing added sugar or other sweetening matter or flavoured, and other non-alcoholic beverages, not including fruit or vegetable juices of heading No. 20.09.",,,2202.0,0,0,1,1
2204,2204,"Wine of fresh grapes, including fortified wines; grape must other than that of heading No. 20.09.",2204.0,2204.0,2204.0,1,1,1,3
2206,2206,"Other fermented beverages (for example, cider, perry, mead); mixtures of fermented beverages and mixtures of fermented beverages and non-alcoholic beverages, not elsewhere specified or included.",2206.0,,2206.0,1,0,1,2
2207,2207,"Undenatured ethyl alcohol of an alcoholic strength by volume of 80 % vol or higher; ethyl alcohol and other spirits, denatured, of any strength.",,2207.0,2207.0,0,1,1,2
2301,2301,"Flours, meals and pellets, of meat or meat offal, of fish or of crustaceans, molluscs or other aquatic invertebrates, unfit for human consumption; greaves.",2301.0,2301.0,2301.0,1,1,1,3
2302,2302,"Bran, sharps and other residues, whether or not in the form of pellets, derived from the sifting, milling or other working of cereals or of leguminous plants.",2302.0,2302.0,2302.0,1,1,1,3
2303,2303,"Residues of starch manufacture and similar residues, beet-pulp, bagasse and other waste of sugar manufacture, brewing or distilling dregs and waste, whether or not in the form of pellets.",2303.0,,,1,0,0,1
2304,2304,"Oil-cake and other solid residues, whether or not ground or in the form of pellets, resulting from the extraction of soyabean oil.",2304.0,2304.0,2304.0,1,1,1,3
2305,2305,"Oil-cake and other solid residues, whether or not ground or in the form of pellets, resulting from the extraction of ground-nut oil.",2305.0,2305.0,2305.0,1,1,1,3
2306,2306,"Oil-cake and other solid residues, whether or not ground or in the form of pellets, resulting from the extraction of vegetable fats or oils, other than those of heading No. 23.04 or 23.05.",2306.0,2306.0,2306.0,1,1,1,3
2307,2307,Wine lees; argol.,,2307.0,2307.0,0,1,1,2
2308,2308,"Vegetable materials and vegetable waste, vegetable residues and by-products, whether or not in the form of pellets, of a kind used in animal feeding, not elsewhere specified or included.",2308.0,2308.0,2308.0,1,1,1,3
2309,2309,Preparations of a kind used in animal feeding.,2309.0,2309.0,,1,1,0,2
2401,2401,Unmanufactured tobacco; tobacco refuse.,2401.0,2401.0,2401.0,1,1,1,3
2508,2508,"Other clays (not including expanded clays of heading No. 68.06), andalusite, kyanite and sillimanite, whether or not calcined; mullite; chamotte or dinas earths.",2508.0,2508.0,2508.0,1,1,1,3
2509,2509,Chalk.,2509.0,,,1,0,0,1
2512,2512,"Siliceous fossil meals (for example, kieselguhr, tripolite and diatomite) and similar siliceous earths, whether or not calcined, of an apparent specific gravity of 1 or less.",2512.0,,,1,0,0,1
2518,2518,"Dolomite, whether or not calcined; dolomite roughly trimmed or merely cut, by sawing or otherwise, into blocks or slabs of a rectangular (including square) shape; agglomerated dolomite (including tarred dolomite).",2518.0,2518.0,2518.0,1,1,1,3
2522,2522,"Quicklime, slaked lime and hydraulic lime, other than calcium oxide and hydroxide of heading No. 28.25.",2522.0,2522.0,2522.0,1,1,1,3
2528,2528,"Natural borates and concentrates thereof (whether or not calcined), but not including borates separated from natural brine; natural boric acid containing not more than 85 % of H3BO3 calculated on the dry weight.",2528.0,2528.0,2528.0,1,1,1,3
2603,2603,Copper ores and concentrates.,2603.0,2603.0,2603.0,1,1,1,3
2607,2607,Lead ores and concentrates.,2607.0,,2607.0,1,0,1,2
2616,2616,Precious metal ores and concentrates.,2616.0,2616.0,,1,1,0,2
2709,2709,"Petroleum oils and oils obtained from bituminous minerals, crude.",,,2709.0,0,0,1,1
2710,2710,"Petroleum oils and oils obtained from bituminous minerals, other than crude; preparations not elsewhere specified or included, containing by weight 70% or more of petroleum oils or of oils obtained from bituminous minerals, these oils b",,2710.0,2710.0,0,1,1,2
2711,2711,Petroleum gases and other gaseous hydrocarbons.,,2711.0,,0,1,0,1
2712,2712,"Petroleum jelly; paraffin wax, micro-crystalline petroleum wax, slack wax, ozokerite, lignite wax, peat wax, other mineral waxes, and similar products obtained by synthesis or by other processes, whether or not coloured.",,,2712.0,0,0,1,1
2713,2713,"Petroleum coke, petroleum bitumen and other residues of petroleum oils or of oils obtained from bituminous minerals.",2713.0,2713.0,2713.0,1,1,1,3
2714,2714,"Bitumen and asphalt, natural; bituminous or oil shale and tar sands; asphaltites and asphaltic rocks.",,,2714.0,0,0,1,1
2716,2716,Electrical energy. (optional heading),,2716.0,,0,1,0,1
2803,2803,Carbon (carbon blacks and other forms of carbon not elsewhere specified or included).,2803.0,2803.0,2803.0,1,1,1,3
2810,2810,Oxides of boron; boric acids.,2810.0,2810.0,2810.0,1,1,1,3
2813,2813,Sulphides of non-metals; commercial phosphorus trisulphide,2813.0,2813.0,2813.0,1,1,1,3
2819,2819,Chromium oxides and hydroxides,2819.0,2819.0,2819.0,1,1,1,3
2824,2824,Lead oxides; red lead and orange lead,,2824.0,2824.0,0,1,1,2
2827,2827,"Chlorides, chloride oxides and chloride hydroxides; bromides and bromide oxides; iodides and iodide oxides",2827.0,2827.0,2827.0,1,1,1,3
2830,2830,Sulphides; polysulphides,2830.0,2830.0,2830.0,1,1,1,3
2833,2833,Sulphates; alums; peroxosulphates (persulphates),,2833.0,2833.0,0,1,1,2
2836,2836,Carbonates; peroxocarbonates (percarbonates); commercial ammonium carbonate containing ammonium carbamate,2836.0,2836.0,,1,1,0,2
2840,2840,Borates; peroxoborates (perborates),2840.0,2840.0,2840.0,1,1,1,3
2841,2841,Salts of oxometallic or peroxometallic acids,,2841.0,2841.0,0,1,1,2
2845,2845,"Isotopes other than those of heading No. 28.44; compounds, inorganic or organic, of such isotopes, whether or not chemically defined",,2845.0,2845.0,0,1,1,2
2849,2849,"Carbides, whether or not chemically defined",,2849.0,2849.0,0,1,1,2
2850,2850,"Hydrides, nitrides, azides, silicides and borides, whether or not chemically defined, other than compounds which are also carbides of heading No. 28.49",,,2850.0,0,0,1,1
2903,2903,Halogenated derivatives of hydrocarbons,,,2903.0,0,0,1,1
2905,2905,"Acyclic alcohols and their halogenated, sulphonated, nitrated or introsated derivatives",,2905.0,,0,1,0,1
2918,2918,"Carboxylic acids with additional oxygen function and their anhydrides, halides, peroxides and peroxyacids; their halogenated, sulphonated, nitrated or nitrosated derivatives.",,2918.0,2918.0,0,1,1,2
2923,2923,Quaternary ammonium salts and hydroxides; lecithins and other phosphoaminolipids.,2923.0,2923.0,,1,1,0,2
2929,2929,Compounds with other nitrogen function.,,2929.0,2929.0,0,1,1,2
2932,2932,Heterocyclic compounds with oxygen hetero-atom(s) only.,,,2932.0,0,0,1,1
2937,2937,"Hormones, natural or reproduced by synthesis; derivatives thereof, used primarily as hormones; other steroids used primarily as hormones.",,2937.0,2937.0,0,1,1,2
3001,3001,"Glands and other organs for organo-therapeutic uses, dried, whether or not powdered; extracts of glands or other organs or of their secretions for organo-therapeutic uses; heparin and its salts; other human or animal substances prepared",,,3001.0,0,0,1,1
3102,3102,"Mineral or chemical fertilisers, nitrogenous.",,3102.0,,0,1,0,1
3103,3103,"Mineral or chemical fertilisers, phosphatic.",3103.0,,,1,0,0,1
3201,3201,"Tanning extracts of vegetable origin; tannins and their salts, ethers, esters and other derivatives.",3201.0,3201.0,3201.0,1,1,1,3
3202,3202,"Synthetic organic tanning substances; inorganic tanning substances; tanning preparations, whether or not containing natural tanning substances; enzymatic preparations for pre-tanning.",3202.0,3202.0,3202.0,1,1,1,3
3211,3211,Prepared driers.,,3211.0,3211.0,0,1,1,2
3301,3301,"Essentials oils (terpeneless or not), including concretes and absolutes; resinoids; extracted oleoresins; concentrates of essential oils in fats, in fixed oils, in waxes or the like, obtained by enfleurage or maceration; terpenic by-pro",3301.0,3301.0,3301.0,1,1,1,3
3302,3302,"Mixtures of odoriferous substances and mixtures (including alcoholic solutions) with a basis of one or more of these substances, of a kind used as raw materials in industry; other preparations based on odoriferous substances, of a kind",3302.0,,,1,0,0,1
3305,3305,Preparations for use on the hair.,3305.0,3305.0,3305.0,1,1,1,3
3307,3307,"Pre-shave, shaving or after-shave preparations, personal deodorants, bath preparations, depilatories and other perfumery, cosmetic or toilet preparations, not elsewhere specified or included ; prepared room deodorisers, whether or not p",3307.0,3307.0,3307.0,1,1,1,3
3401,3401,"Soap; organic surface-active products and preparations for use as soap, in the form of bars, cakes, moulded pieces or shapes, whether or not containing soap; paper, wadding, felt and nonwovens, impregnated, coated or covered",,,3401.0,0,0,1,1
3403,3403,"Lubricating preparations (including cutting-oil preparations, bolt or nut release preparations, anti-rust or anti-corrosion preparations and mould release preparations, based on lubricants) and preparations of a kind used for the oil or",,,3403.0,0,0,1,1
3405,3405,"Polishes and creams, for footwear, furniture, floors, coachwork, glass or metal, scouring pastes and powders and similar preparations (whether or not in the form of paper, wadding, felt, nonwovens, cellular plastics or cellular rubber,",3405.0,3405.0,3405.0,1,1,1,3
3501,3501,"Casein, caseinates and other casein derivatives; casein glues.",3501.0,3501.0,,1,1,0,2
3502,3502,"Albumins (including concentrates of two or more whey proteins, containing by weight more than 80 % whey proteins, calculated on the dry matter), albuminates and other albumin derivatives.",3502.0,3502.0,3502.0,1,1,1,3
3503,3503,"Gelatin (including gelatin in rectangular (including square) sheets, whether or not surface-worked or coloured) and gelatin derivatives; isinglass; other glues of animal origin, excluding casein glues of heading No. 35.01.",3503.0,3503.0,3503.0,1,1,1,3
3506,3506,"Prepared glues and other prepared adhesives, not elsewhere specified or included; products suitable for use as glues or adhesives, put up for retail sale as glues or adhesives, not exceeding a net weight of 1 kg.",,3506.0,3506.0,0,1,1,2
3507,3507,Enzymes; prepared enzymes not elsewhere specified or included.,3507.0,3507.0,3507.0,1,1,1,3
3602,3602,"Prepared explosives, other than propellent powders.",3602.0,3602.0,3602.0,1,1,1,3
3702,3702,"Photographic film in rolls, sensitised, unexposed, of any material other than paper, paperboard or textiles; instant print film in rolls, sensitised, unexposed.",,3702.0,,0,1,0,1
3706,3706,"Cinematographic film, exposed and developed, whether or not incorporating sound track or consisting only of sound track.",,3706.0,3706.0,0,1,1,2
3801,3801,"Artificial graphite; colloidal or semi-colloidal graphite; preparations based on graphite or other carbon in the form of pastes, blocks, plates or other semi-manufactures.",,3801.0,,0,1,0,1
3805,3805,"Gum, wood or sulphate turpentine and other terpenic oils produced by the distillation or other treatment of coniferous woods; crude dipentene; sulphite turpentine and other crude para-cymene; pine oil containing alpha-terpine",3805.0,3805.0,3805.0,1,1,1,3
3806,3806,"Rosin and resin acids, and derivatives thereof; rosin spirit and rosin oils; run gums.",3806.0,3806.0,3806.0,1,1,1,3
3808,3808,"Insecticides, rodenticides, fungicides, herbicides, anti-sprouting products and plant-growth regulators, disinfectants and similar products, put up in forms or packings for retail sale or as preparations or articles (for examp. sulphur-",3808.0,3808.0,3808.0,1,1,1,3
3812,3812,"Prepared rubber accelerators; compound plasticisers for rubber or plastics, not elsewhere specified or included; anti-oxidising preparations and other compound stabilisers for rubber or plastics.",3812.0,3812.0,,1,1,0,2
3815,3815,"Reaction initiators, reaction accelerators and catalytic preparations, not elsewhere specified or included.",,3815.0,,0,1,0,1
3817,3817,"Mixed alkylbenzenes and mixed alkylnaphthalenes, other than those of heading No. 27.07 or 29.02.",3817.0,3817.0,3817.0,1,1,1,3
3823,3823,Industrial monocarboxylic fatty acids; acid oils from refining; industrial fatty alcohols.,3823.0,3823.0,3823.0,1,1,1,3
3824,3824,"Prepared binders for foundry moulds or cores; chemical products and preparations of the chemical or allied industries (including those consisting of mixtures of natural products), not elsewhere specified or included; residual products o",3824.0,3824.0,,1,1,0,2
3901,3901,"Polymers of ethylene, in primary forms.",,3901.0,,0,1,0,1
3904,3904,"Polymers of vinyl chloride or of other halogenated olefins, in primary forms.",,3904.0,,0,1,0,1
3908,3908,Polyamides in primary forms.,,3908.0,,0,1,0,1
3913,3913,"Natural polymers (for example, alginic acid) and modified natural polymers (for example, hardened proteins, chemical derivatives of natural rubber), not elsewhere specified or included, in primary forms.",3913.0,3913.0,3913.0,1,1,1,3
3915,3915,"Waste, parings and scrap, of plastics.",,3915.0,,0,1,0,1
4010,4010,"Conveyor or transmission belts or belting, of vulcanised rubber.",,4010.0,,0,1,0,1
4101,4101,"Raw hides and skins of bovine or equine animals (fresh, or salted, dried, limed, pickled or otherwide preserved, but not tanned, parchment-dressed or further prepared), whether or not dehaired or split.",4101.0,,,1,0,0,1
4104,4104,"Leather of bovine or equine animals, without hair on, other than leather of heading No. 41.08 or 41.09.",4104.0,4104.0,4104.0,1,1,1,3
4106,4106,"Goat or kid skin leather, without hair on, other than leather of heading No. 41.08 or 41.09.",,,4106.0,0,0,1,1
4110,4110,"Parings and other waste of leather or of composition leather, not suitable for the manufacture of leather articles; leather dust, powder and flour.",,4110.0,,0,1,0,1
4111,4111,"Composition leather with a basis of leather or leather fibre, in slabs, sheets or strip, whether or not in rolls.",4111.0,4111.0,,1,1,0,2
4201,4201,"Saddlery and harness for any animal (including traces, leads, knee pads, muzzles, saddle cloths, saddle bags, dog coats and the like), of any material.",4201.0,4201.0,4201.0,1,1,1,3
4205,4205,Other articles of leather or of composition leather.,,4205.0,4205.0,0,1,1,2
4206,4206,"Articles of gut (other than silk-worm gut), of goldbeater's skin, of bladders or of tendons.",4206.0,4206.0,,1,1,0,2
4302,4302,"Tanned or dressed furskins (including heads, tails, paws and other pieces or cuttings), unassembled, or assembled (without the addition of other materials) other than those of heading No. 43.03.",4302.0,4302.0,4302.0,1,1,1,3
4303,4303,"Articles of apparel, clothing accessories and other articles of furskin.",,,4303.0,0,0,1,1
4402,4402,"Wood charcoal (including shell or nut charcoal), whether or not agglomerated.",4402.0,4402.0,4402.0,1,1,1,3
4409,4409,"Wood (including strips and friezes for parquet flooring, not assembled) continuously shaped (tongued, grooved, grooved, rebated, chamfered, V-jlinted, beaded, moulded, rounded or the like) along any of its edges or faces, whether or not",4409.0,4409.0,,1,1,0,2
4411,4411,"Fibreboard of wood or other ligneous materials, whether or not bonded with resins or other organic substances.",,4411.0,4411.0,0,1,1,2
4417,4417,"Tools, tool bodies, tool handles, broom or brush bodies and handles, of wood; boot or shoe lasts and trees, of wood.",,4417.0,,0,1,0,1
4703,4703,"Chemical wood pulp, soda or sulphate, other than dissolving grades.",4703.0,4703.0,4703.0,1,1,1,3
4811,4811,"Paper, paperboard, cellulose wadding and webs of cellulose fibres, coated, impregnated, covered, surface-coloured, surface-decorated or printed, in rolls or sheets, other than goods of the kind described in heading No.",4811.0,,,1,0,0,1
4812,4812,"Filter blocks, slabs and plates, of paper pulp.",,,4812.0,0,0,1,1
4813,4813,"Cigarette paper, whether or not cut to size or in the form of booklets or tubes.",,4813.0,,0,1,0,1
4818,4818,"Toilet paper and similar paper, cellulose wadding or webs of cellulose fibres, of a kind used for household or sanitary purposes, in rolls of a width not exceeding 36cm, or cut to size or shape; handkerchiefs, cleansing tissues, towels,",,4818.0,4818.0,0,1,1,2
4901,4901,"Printed books, brochures, leaflets and similar printed matter, whether or not in single sheets.",,,4901.0,0,0,1,1
4902,4902,"Newspapers, journals and periodicals, whether or not illustrated or containing advertising material.",,,4902.0,0,0,1,1
5101,5101,"Wool, not carded or combed.",5101.0,5101.0,5101.0,1,1,1,3
5102,5102,"Fine or coarse animal hair, not carded or combed.",,5102.0,5102.0,0,1,1,2
5103,5103,"Waste of wool or of fine or coarse animal hair, including yarn waste but excluding garnetted stock.",5103.0,5103.0,5103.0,1,1,1,3
5105,5105,"Wool and fine or coarse animal hair, carded or combed (including combed wool in fragments).",5105.0,5105.0,5105.0,1,1,1,3
5201,5201,"Cotton, not carded or combed.",5201.0,,5201.0,1,0,1,2
5202,5202,Cotton waste (including yarn waste and garnetted stock).,5202.0,5202.0,5202.0,1,1,1,3
5402,5402,"Synthetic filament yarn (other than sewing thread), not put up for retail sale, including synthetic monofilament of less than 67 decitex.",,,5402.0,0,0,1,1
5404,5404,Synthetic monofilament of 67 decitex or more and of which no cross-sectional dimension exceeds 1 mm; strip and the,,,5404.0,0,0,1,1
5501,5501,Synthetic filament tow.,,,5501.0,0,0,1,1
5506,5506,"Synthetic staple fibres, carded, combed or otherwise processed for spinning.",,,5506.0,0,0,1,1
5603,5603,"Nonwovens, whether or not impregnated, coated, covered or laminated.",,5603.0,,0,1,0,1
5802,5802,"Terry towelling and similar woven terry fabrics, other than narrow fabrics of heading No. 58.06; tufted textile fabrics, other than products of heading No. 57.03.",,5802.0,,0,1,0,1
5803,5803,"Gauze, other than narrow fabrics of heading No. 58.06.",5803.0,5803.0,,1,1,0,2
5902,5902,"Tyre cord fabric of high tenacity yarn of nylon or other polyamides, polyesters or viscose rayon.",,5902.0,5902.0,0,1,1,2
6404,6404,"Footwear with outer soles of rubber, plastics, leather or composition leather and uppers of textile materials.",,,6404.0,0,0,1,1
6807,6807,"Articles of asphalt or of similar material (for example, petroleum bitumen or coal tar pitch).",6807.0,6807.0,6807.0,1,1,1,3
6809,6809,Articles of plaster or of compositions based on plaster.,6809.0,6809.0,,1,1,0,2
6907,6907,"Unglazed ceramic flags and paving, hearth or wall tiles; unglazed ceramic mosaic cubes and the like, whether or not",,6907.0,,0,1,0,1
6908,6908,"Glazed ceramic flags and paving, hearth or wall tiles; glazed ceramic mosaic cubes and the like, whether or not on a backing.",6908.0,,6908.0,1,0,1,2
7003,7003,"Cast glass and rolled glass, in sheets or profiles, whether or not having an absorbent, reflecting or non-reflecting layer, but not otherwise worked.",,7003.0,7003.0,0,1,1,2
7106,7106,"Silver (including silver plated with gold or platinum), unwrought or in semi-manufactured forms, or in powder form.",7106.0,7106.0,,1,1,0,2
7108,7108,"Gold (including gold plated with platinum) unwrought or in semi-manufactured forms, or in powder form.",7108.0,7108.0,,1,1,0,2
7201,7201,"Pig iron and spiegeleisen in pigs, blocks or other primary forms.",,,7201.0,0,0,1,1
7209,7209,"Flat-rolled products of iron or non-alloy steel, of a width of 600 mm or more, cold-rolled (cold-reduced), not clad, plated or coated.",,,7209.0,0,0,1,1
7213,7213,"Bars and rods, hot-rolled, in irregularly wound coils, of iron or non-alloy steel.",,,7213.0,0,0,1,1
7214,7214,"Other bars and rods of iron or non-alloy steel, not further worked than forged, hot-rolled, hot-drawn or hot-extruded, but including those twisted after rolling.",,,7214.0,0,0,1,1
7224,7224,Other alloy steel in ingots or other primary forms; semi-finished products of other alloy steel.,,7224.0,,0,1,0,1
7229,7229,Wire of other alloy steel.,,7229.0,,0,1,0,1
7304,7304,"Tubes, pipes and hollow profiles, seamless, of iron (other than cast iron) or steel.",7304.0,7304.0,7304.0,1,1,1,3
7305,7305,"Other tubes and pipes (for example, welded, riveted or similarly closed), having circular cross-sections, the external diameter of which exceeds 406.4 mm, of iron or steel.",,,7305.0,0,0,1,1
7311,7311,"Containers for compressed or liquefied gas, of iron or steel.",,7311.0,7311.0,0,1,1,2
7601,7601,Unwrought aluminium.,7601.0,7601.0,7601.0,1,1,1,3
7605,7605,Aluminium wire.,7605.0,7605.0,7605.0,1,1,1,3
7609,7609,"Aluminium tube or pipe fittings (for example, couplings, elbows, sleeves).",,7609.0,,0,1,0,1
7612,7612,"Aluminium casks, drums, cans, boxes and similar containers (including rigid or collapsible tubular containers), for any material (other than compressed or liquefied gas), of a capacity not exceeding 300 l, whether or not lined or heat-i",,7612.0,,0,1,0,1
7614,7614,"Stranded wire, cables, plaited bands and the like, of aluminium, not electrically insulated.",,7614.0,7614.0,0,1,1,2
7801,7801,Unwrought lead.,7801.0,7801.0,,1,1,0,2
8204,8204,"Hand-operated spanners and wrenches (including torque meter wrenches but not including tap wrenches); interchangeable spanner sockets, with or without handles.",,8204.0,8204.0,0,1,1,2
8311,8311,"Wire, rods, tubes, plates, electrodes and similar products, of base metal or of metal carbides, coated or cored with flux material, of a kind used for soldering, brazing, welding or deposition of metal or of metal carbides; wire and rod",,,8311.0,0,0,1,1
8408,8408,Compression-ignition internal combustion piston engines (diesel or semi-diesel engines).,8408.0,,,1,0,0,1
8410,8410,"Hydraulic turbines, water wheels, and regulators therefor.",,8410.0,8410.0,0,1,1,2
8432,8432,"Agricultural, horticultural or forestry machinery for soil preparation or cultivation; lawn or sports-ground rollers.",,8432.0,,0,1,0,1
8434,8434,Milking machines and dairy machinery.,,8434.0,,0,1,0,1
8702,8702,"Motor vehicles for the transport of ten or more persons, including the driver.",,8702.0,8702.0,0,1,1,2
8704,8704,Motor vehicles for the transport of goods.,8704.0,8704.0,8704.0,1,1,1,3
8802,8802,"Other aircraft (for example, helicopters, aeroplanes); spacecraft (including satellites) and suborbital and spacecraft launch vehicles.",,8802.0,,0,1,0,1
8902,8902,Fishing vessels; factory ships and other vessels for processing or preserving fishery products.,,8902.0,8902.0,0,1,1,2
8904,8904,Tugs and pusher craft.,8904.0,,8904.0,1,0,1,2
8908,8908,Vessels and other floating structures for breaking up.,,,8908.0,0,0,1,1
9028,9028,"Gas, liquid or electricity supply or production meters, including calibrating meters therefor.",,9028.0,9028.0,0,1,1,2
9302,9302,"Revolvers and pistols, other than those of heading No. 93.03 or 93.04.",9302.0,9302.0,9302.0,1,1,1,3
9610,9610,"Slates and boards, with writing or drawing surfaces, whether or not framed.",,,9610.0,0,0,1,1
